2026-07-06 21:30:00,2,Buy,REPLACED,"candela chiude oltre l'impulso -> nuovo setup"
2026-07-06 21:40:00,3,Buy,REPLACED,"candela chiude oltre l'impulso -> nuovo setup"
2026-07-07 02:00:00,4,Buy,EXPIRED,"non eseguito entro 20 candele"
2026-07-07 04:00:00,1,Sell,PLACE_FAILED,"retcode=10027 auto trading disabled by client"
2026-07-07 04:10:00,2,Sell,PLACE_FAILED,"retcode=10027 auto trading disabled by client"
2026-07-07 04:20:53,1,Sell,PLACE_FAILED,"retcode=10027 auto trading disabled by client"
2026-07-07 04:30:00,2,Sell,PLACE_FAILED,"retcode=10027 auto trading disabled by client"
2026-07-07 15:00:00,1,Buy,REPLACED,"candela chiude oltre l'impulso -> nuovo setup"
2026-07-07 15:10:00,2,Buy,REPLACED,"candela chiude oltre l'impulso -> nuovo setup"
2026-07-07 16:00:00,3,Buy,REPLACED,"candela chiude oltre l'impulso -> nuovo setup"
2026-07-07 16:50:00,4,Buy,REPLACED,"candela chiude oltre l'impulso -> nuovo setup"
2026-07-07 22:10:00,6,Sell,REPLACED,"candela chiude oltre l'impulso -> nuovo setup"
2026-07-07 22:20:00,7,Sell,REPLACED,"candela chiude oltre l'impulso -> nuovo setup"
2026-07-08 00:26:33,8,SHORT,PENDING_AT_STOP,"ordine pendente non eseguito a fine run"
2026-07-08 11:40:00,2,Sell,REPLACED,"candela chiude oltre l'impulso -> nuovo setup"
2026-07-08 11:50:00,3,Sell,REPLACED,"candela chiude oltre l'impulso -> nuovo setup"
2026-07-08 12:00:00,4,Sell,REPLACED,"candela chiude oltre l'impulso -> nuovo setup"
2026-07-08 12:10:00,5,Sell,REPLACED,"candela chiude oltre l'impulso -> nuovo setup"
2026-07-08 12:50:00,6,Sell,REPLACED,"candela chiude oltre l'impulso -> nuovo setup"
2026-07-08 13:00:00,7,Sell,REPLACED,"candela chiude oltre l'impulso -> nuovo setup"
2026-07-08 18:20:00,9,Sell,REPLACED,"candela chiude oltre l'impulso -> nuovo setup"
2026-07-08 21:40:00,11,Buy,REPLACED,"candela chiude oltre l'impulso -> nuovo setup"
2026-07-08 21:50:00,12,Buy,REPLACED,"candela chiude oltre l'impulso -> nuovo setup"
2026-07-09 02:10:00,13,Buy,EXPIRED,"non eseguito entro 20 candele"
2026-07-09 09:30:00,15,Buy,REPLACED,"candela chiude oltre l'impulso -> nuovo setup"
2026-07-09 09:50:00,16,Buy,REPLACED,"candela chiude oltre l'impulso -> nuovo setup"
2026-07-09 10:00:00,17,Buy,REPLACED,"candela chiude oltre l'impulso -> nuovo setup"
2026-07-09 10:30:00,18,Buy,REPLACED,"candela chiude oltre l'impulso -> nuovo setup"
2026-07-09 10:50:00,19,Buy,REPLACED,"candela chiude oltre l'impulso -> nuovo setup"
2026-07-09 11:30:00,20,Buy,REPLACED,"candela chiude oltre l'impulso -> nuovo setup"
2026-07-13 01:00:08,1,Buy,REPLACED,"candela chiude oltre l'impulso -> nuovo setup"
2026-07-13 01:00:08,2,Buy,PLACE_FAILED,"retcode=10015 invalid price"
2026-07-13 07:30:00,4,Sell,REPLACED,"candela chiude oltre l'impulso -> nuovo setup"
2026-07-13 07:50:00,5,Sell,REPLACED,"candela chiude oltre l'impulso -> nuovo setup"
2026-07-13 17:10:00,7,Sell,REPLACED,"candela chiude oltre l'impulso -> nuovo setup"
2026-07-13 17:20:00,8,Sell,REPLACED,"candela chiude oltre l'impulso -> nuovo setup"
2026-07-13 17:50:00,9,Sell,REPLACED,"candela chiude oltre l'impulso -> nuovo setup"
2026-07-13 19:40:00,10,Sell,REPLACED,"candela chiude oltre l'impulso -> nuovo setup"
2026-07-13 21:20:00,11,Sell,REPLACED,"candela chiude oltre l'impulso -> nuovo setup"
2026-07-14 19:00:00,14,Buy,EXPIRED,"non eseguito entro 20 candele"
2026-07-15 05:20:01,15,Sell,REPLACED,"candela chiude oltre l'impulso -> nuovo setup"
2026-07-15 08:20:00,16,Sell,REPLACED,"candela chiude oltre l'impulso -> nuovo setup"
2026-07-15 08:30:00,17,Sell,REPLACED,"candela chiude oltre l'impulso -> nuovo setup"
2026-07-15 16:00:00,1,Buy,REPLACED,"candela chiude oltre l'impulso -> nuovo setup"
2026-07-15 21:10:00,3,Buy,REPLACED,"candela chiude oltre l'impulso -> nuovo setup"
2026-07-15 21:30:00,4,Buy,REPLACED,"candela chiude oltre l'impulso -> nuovo setup"
2026-07-16 05:10:00,6,Sell,REPLACED,"candela chiude oltre l'impulso -> nuovo setup"
2026-07-16 05:40:00,7,Sell,REPLACED,"candela chiude oltre l'impulso -> nuovo setup"
2026-07-16 09:00:00,8,Sell,EXPIRED,"non eseguito entro 20 candele"
2026-07-16 16:00:00,9,Sell,REPLACED,"candela chiude oltre l'impulso -> nuovo setup"
2026-07-16 16:10:00,10,Sell,REPLACED,"candela chiude oltre l'impulso -> nuovo setup"
2026-07-16 19:30:00,11,Sell,EXPIRED,"non eseguito entro 20 candele"
2026-07-17 19:20:00,14,Buy,REPLACED,"candela chiude oltre l'impulso -> nuovo setup"
2026-07-21 08:30:00,1,Buy,REPLACED,"candela chiude oltre l'impulso -> nuovo setup"
2026-07-21 08:40:00,2,Buy,REPLACED,"candela chiude oltre l'impulso -> nuovo setup"
2026-07-21 08:50:00,3,Buy,REPLACED,"candela chiude oltre l'impulso -> nuovo setup"
2026-07-21 09:20:00,4,Buy,REPLACED,"candela chiude oltre l'impulso -> nuovo setup"
2026-07-21 09:40:00,5,Buy,REPLACED,"candela chiude oltre l'impulso -> nuovo setup"
2026-07-21 09:50:00,6,Buy,REPLACED,"candela chiude oltre l'impulso -> nuovo setup"
2026-07-21 13:10:00,7,Buy,EXPIRED,"non eseguito entro 20 candele"
2026-07-21 21:30:00,8,Buy,REPLACED,"candela chiude oltre l'impulso -> nuovo setup"
2026-07-22 01:50:00,9,Buy,EXPIRED,"non eseguito entro 20 candele"
2026-07-22 03:30:00,10,Buy,REPLACED,"candela chiude oltre l'impulso -> nuovo setup"
2026-07-22 04:10:00,11,Buy,REPLACED,"candela chiude oltre l'impulso -> nuovo setup"
2026-07-22 04:40:00,12,Buy,REPLACED,"candela chiude oltre l'impulso -> nuovo setup"
2026-07-22 05:00:00,13,Buy,REPLACED,"candela chiude oltre l'impulso -> nuovo setup"
2026-07-22 05:30:00,14,Buy,REPLACED,"candela chiude oltre l'impulso -> nuovo setup"
2026-07-22 05:50:00,15,Buy,REPLACED,"candela chiude oltre l'impulso -> nuovo setup"
2026-07-22 06:00:00,16,Buy,REPLACED,"candela chiude oltre l'impulso -> nuovo setup"
2026-07-22 06:10:00,17,Buy,REPLACED,"candela chiude oltre l'impulso -> nuovo setup"
2026-07-22 17:00:00,19,Buy,REPLACED,"candela chiude oltre l'impulso -> nuovo setup"
2026-07-22 17:10:00,20,Buy,REPLACED,"candela chiude oltre l'impulso -> nuovo setup"
2026-07-22 18:50:00,21,Buy,REPLACED,"candela chiude oltre l'impulso -> nuovo setup"
2026-07-23 10:20:00,23,Sell,REPLACED,"candela chiude oltre l'impulso -> nuovo setup"
2026-07-23 10:40:00,24,Sell,REPLACED,"candela chiude oltre l'impulso -> nuovo setup"
2026-07-23 10:50:00,25,Sell,REPLACED,"candela chiude oltre l'impulso -> nuovo setup"
2026-07-23 11:20:00,26,Sell,REPLACED,"candela chiude oltre l'impulso -> nuovo setup"
2026-07-23 16:13:57,27,Sell,REPLACED,"candela chiude oltre l'impulso -> nuovo setup"
2026-07-23 17:00:00,28,Sell,REPLACED,"candela chiude oltre l'impulso -> nuovo setup"
2026-07-23 20:20:00,29,Sell,EXPIRED,"non eseguito entro 20 candele"
2026-07-24 06:00:00,30,Sell,REPLACED,"candela chiude oltre l'impulso -> nuovo setup"
2026-07-24 09:00:00,31,Sell,REPLACED,"candela chiude oltre l'impulso -> nuovo setup"
2026-07-24 10:20:00,33,Buy,REPLACED,"candela chiude oltre l'impulso -> nuovo setup"
2026-07-24 10:30:00,34,Buy,REPLACED,"candela chiude oltre l'impulso -> nuovo setup"
2026-07-24 11:30:00,35,Buy,REPLACED,"candela chiude oltre l'impulso -> nuovo setup"
2026-07-24 11:40:00,36,Buy,REPLACED,"candela chiude oltre l'impulso -> nuovo setup"
2026-07-24 11:50:00,37,Buy,REPLACED,"candela chiude oltre l'impulso -> nuovo setup"
2026-07-24 12:00:00,38,Buy,REPLACED,"candela chiude oltre l'impulso -> nuovo setup"
2026-07-24 13:00:00,39,Buy,REPLACED,"candela chiude oltre l'impulso -> nuovo setup"
2026-07-24 13:10:00,40,Buy,REPLACED,"candela chiude oltre l'impulso -> nuovo setup"
2026-07-24 13:30:00,41,Buy,REPLACED,"candela chiude oltre l'impulso -> nuovo setup"
