time,lato,entry,stop,rischio
2020-02-05T14:24:00Z,short,1554.56,1556.6,2.04
2020-03-04T14:06:00Z,long,1641.64,1636.63,5.01
2020-03-06T14:48:00Z,long,1681.66,1677.16,4.5
2020-04-08T11:54:00Z,long,1648.85,1641.7,7.148
2020-04-08T12:36:00Z,long,1648.8,1642.73,6.07
2020-04-14T07:42:00Z,long,1716.15,1709.14,7.01
2020-04-23T07:30:00Z,long,1714.22,1709.9,4.32
2020-05-15T11:12:00Z,long,1735.21,1730.23,4.983
2020-05-15T12:12:00Z,long,1734.87,1730.31,4.557
2020-06-22T12:30:00Z,long,1751.72,1744.96,6.767
2020-06-29T13:30:00Z,long,1771.2,1767.41,3.797
2020-06-29T14:42:00Z,long,1771.55,1768.65,2.9
2020-07-23T12:24:00Z,long,1877.67,1872.25,5.43
2020-07-23T13:54:00Z,long,1878.34,1869.42,8.91
2020-07-24T10:42:00Z,long,1890.36,1886.81,3.547
2020-07-27T13:12:00Z,long,1936.16,1930.64,5.513
2020-07-27T17:42:00Z,long,1935.81,1934.02,1.79
2020-07-31T15:00:00Z,long,1972.8,1963.61,9.19
2020-07-31T16:36:00Z,long,1970.59,1965.57,5.02
2020-07-31T17:36:00Z,long,1971.14,1966.24,4.9
2020-08-03T08:42:00Z,long,1974.12,1971.34,2.783
2020-08-03T09:30:00Z,long,1974.03,1972.06,1.97
2020-08-05T17:12:00Z,long,2036.62,2028.31,8.31
2020-08-05T17:42:00Z,long,2036.33,2031.23,5.097
2020-08-06T08:12:00Z,long,2046.11,2040.74,5.362
2020-09-01T12:36:00Z,long,1988.64,1984.89,3.75
2020-09-16T14:12:00Z,long,1965.64,1961.22,4.427
2020-09-16T14:54:00Z,long,1964.56,1956.19,8.36
2020-09-22T14:42:00Z,short,1906.89,1916.42,9.53
2020-09-23T10:12:00Z,short,1886.69,1891.5,4.81
2020-09-23T11:48:00Z,short,1886.77,1892.66,5.893
2020-09-24T07:18:00Z,short,1855.51,1858.79,3.28
2020-09-24T08:12:00Z,short,1857.29,1861.47,4.183
2020-09-24T11:24:00Z,short,1855.72,1858.96,3.24
2020-10-12T07:06:00Z,long,1927.54,1924.79,2.75
2020-11-04T15:00:00Z,long,1902.51,1895.87,6.643
2020-11-04T16:54:00Z,long,1901.58,1898.05,3.53
2020-11-06T07:06:00Z,long,1941.99,1936.98,5.02
2020-11-09T08:06:00Z,long,1958.61,1953.04,5.57
2020-11-09T09:00:00Z,long,1959.61,1956.75,2.86
2020-11-09T10:12:00Z,long,1959.49,1957.84,1.65
2020-11-11T07:12:00Z,short,1878.69,1884.68,5.983
2020-11-11T10:12:00Z,short,1879.17,1882.13,2.96
2020-11-24T08:00:00Z,short,1827.41,1832.07,4.653
2020-11-30T09:00:00Z,short,1775.74,1780.41,4.67
2020-11-30T09:48:00Z,short,1774.62,1777.95,3.332
2020-11-30T14:36:00Z,short,1770.32,1777.22,6.9
2020-12-21T08:12:00Z,long,1897.79,1891.03,6.76
2021-01-05T15:24:00Z,long,1943.81,1938.64,5.167
2021-01-13T14:30:00Z,short,1851.8,1861.39,9.597
2021-01-13T17:24:00Z,short,1855.8,1858.67,2.877
2021-01-14T09:30:00Z,short,1839.78,1845.12,5.35
2021-01-21T08:48:00Z,long,1872.29,1868.17,4.117
2021-01-21T09:48:00Z,long,1871.46,1869.04,2.427
2021-01-21T10:48:00Z,long,1870.72,1866.75,3.977
2021-02-12T11:24:00Z,short,1818.66,1821.44,2.773
2021-02-12T12:06:00Z,short,1817.93,1819.85,1.91
2021-02-12T13:12:00Z,short,1816.29,1819.35,3.057
2021-02-17T13:12:00Z,short,1788.37,1793.59,5.22
2021-02-19T10:06:00Z,short,1769.88,1774.88,4.99
2021-02-19T11:48:00Z,short,1770.12,1772.95,2.84
2021-03-03T16:42:00Z,short,1721.55,1725.33,3.78
2021-04-21T11:12:00Z,long,1782.5,1778.84,3.663
2021-04-23T08:54:00Z,long,1785.02,1782.63,2.38
2021-04-23T09:24:00Z,long,1785.68,1783.58,2.11
2021-05-06T11:18:00Z,long,1791.14,1787.88,3.267
2021-05-07T12:24:00Z,long,1820.29,1816.89,3.39
2021-05-19T18:24:00Z,long,1873.39,1865.24,8.16
2021-05-20T07:36:00Z,long,1874.87,1870.18,4.687
2021-05-21T14:24:00Z,long,1877.62,1873.33,4.287
2021-05-26T09:36:00Z,long,1907.57,1903.26,4.313
2021-05-26T12:06:00Z,long,1906.99,1904.27,2.727
2021-05-26T13:36:00Z,long,1906.76,1901.65,5.11
2021-06-30T11:36:00Z,short,1758.82,1761.41,2.59
2021-06-30T12:24:00Z,short,1757.95,1761.66,3.71
2021-08-06T12:24:00Z,short,1798.05,1801.6,3.55
2021-08-12T17:06:00Z,short,1750.61,1752.75,2.14
2021-08-19T07:30:00Z,short,1779.83,1782.98,3.15
2021-08-19T08:06:00Z,short,1779.35,1782.37,3.017
2021-08-20T11:36:00Z,short,1784.22,1786.35,2.124
2021-08-20T12:54:00Z,short,1783.53,1786.88,3.346
2021-08-27T12:48:00Z,long,1797.93,1793.75,4.19
2021-09-01T15:36:00Z,long,1814.28,1808.28,6.009
2021-09-24T11:18:00Z,short,1752.37,1757.86,5.49
2021-10-21T08:36:00Z,long,1785.01,1781.48,3.53
2021-10-25T07:06:00Z,long,1796.88,1795.64,1.24
2021-10-27T10:42:00Z,long,1788.58,1785.7,2.88
2021-10-27T14:42:00Z,long,1791.04,1784.37,6.676
2021-10-28T10:54:00Z,long,1800.0,1795.68,4.314
2021-10-28T11:30:00Z,long,1800.03,1798.08,1.95
2021-11-08T10:06:00Z,long,1817.76,1813.73,4.025
2021-11-08T10:36:00Z,long,1817.15,1815.38,1.77
2021-11-08T12:06:00Z,long,1817.14,1814.7,2.438
2021-11-09T15:54:00Z,long,1825.41,1821.17,4.24
2021-11-24T17:06:00Z,short,1787.35,1791.59,4.24
2021-11-29T07:06:00Z,short,1792.67,1796.9,4.23
2021-11-29T08:06:00Z,short,1793.64,1797.33,3.69
2021-12-03T11:00:00Z,short,1770.22,1773.47,3.243
2021-12-03T13:06:00Z,short,1770.77,1774.95,4.181
2021-12-10T13:24:00Z,short,1773.86,1777.8,3.94
2021-12-28T14:42:00Z,long,1814.68,1809.7,4.978
2021-12-28T15:24:00Z,long,1814.67,1812.02,2.65
2022-01-20T18:24:00Z,long,1841.64,1840.36,1.286
2022-01-20T18:54:00Z,long,1841.82,1839.98,1.84
2022-03-04T08:42:00Z,long,1938.82,1933.62,5.2
2022-03-09T08:42:00Z,long,2048.42,2042.77,5.653
2022-04-12T10:06:00Z,long,1955.25,1950.74,4.508
2022-04-12T11:54:00Z,long,1955.63,1952.03,3.598
2022-04-27T13:00:00Z,short,1896.32,1904.75,8.432
2022-05-10T09:54:00Z,short,1859.67,1864.28,4.606
2022-05-16T13:18:00Z,short,1805.5,1810.8,5.302
2022-07-04T13:00:00Z,short,1807.7,1809.82,2.12
2022-07-04T15:06:00Z,short,1807.95,1811.18,3.224
2022-07-06T07:06:00Z,short,1766.82,1770.05,3.231
2022-07-06T08:00:00Z,short,1767.69,1770.47,2.78
2022-07-06T08:42:00Z,short,1765.98,1771.98,6.006
2022-07-07T08:06:00Z,short,1742.12,1745.64,3.52
2022-07-07T10:18:00Z,short,1743.13,1745.43,2.306
2022-07-11T14:30:00Z,short,1736.3,1742.06,5.76
2022-07-11T15:18:00Z,short,1738.01,1741.27,3.257
2022-07-12T12:24:00Z,short,1733.2,1737.06,3.854
2022-07-15T12:24:00Z,short,1704.11,1707.8,3.689
2022-07-15T13:30:00Z,short,1706.25,1714.26,8.01
2022-07-15T15:42:00Z,short,1704.86,1708.53,3.676
2022-08-22T17:54:00Z,short,1736.71,1737.93,1.226
2022-08-30T08:48:00Z,short,1734.77,1738.14,3.364
2022-09-15T13:00:00Z,short,1687.45,1692.55,5.1
2022-09-15T14:12:00Z,short,1686.24,1691.15,4.906
2022-09-16T09:48:00Z,short,1660.51,1666.52,6.011
2022-10-21T08:06:00Z,short,1622.65,1627.4,4.75
2022-11-11T11:18:00Z,long,1758.38,1754.63,3.75
2022-11-11T12:30:00Z,long,1759.71,1756.3,3.41
2022-11-11T14:54:00Z,long,1759.94,1755.1,4.84
2022-11-15T09:54:00Z,long,1775.36,1772.54,2.82
2022-11-15T10:48:00Z,long,1776.01,1773.31,2.699
2022-11-16T13:24:00Z,long,1780.13,1777.02,3.11
2022-12-01T08:42:00Z,long,1777.67,1774.33,3.34
2022-12-01T10:00:00Z,long,1778.08,1775.81,2.27
2022-12-08T10:30:00Z,long,1784.07,1781.42,2.65
2023-01-05T07:36:00Z,long,1854.6,1850.06,4.543
2023-01-10T17:36:00Z,long,1874.56,1870.99,3.57
2023-01-10T18:42:00Z,long,1874.74,1871.55,3.197
2023-01-13T12:18:00Z,long,1901.1,1898.5,2.6
2023-01-13T13:42:00Z,long,1899.33,1893.58,5.75
2023-01-26T08:42:00Z,long,1944.51,1939.53,4.978
2023-01-26T14:06:00Z,long,1940.1,1930.71,9.39
2023-02-02T11:30:00Z,long,1955.07,1951.25,3.82
2023-02-13T08:24:00Z,short,1861.46,1864.79,3.33
2023-02-13T09:06:00Z,short,1859.83,1863.81,3.98
2023-02-27T08:00:00Z,short,1810.55,1812.51,1.97
2023-02-27T09:00:00Z,short,1810.02,1813.91,3.9
2023-02-27T11:48:00Z,short,1810.57,1812.66,2.096
2023-03-13T08:12:00Z,long,1879.07,1873.88,5.181
2023-03-15T18:54:00Z,long,1915.71,1908.6,7.117
2023-03-17T09:06:00Z,long,1929.69,1927.69,2.0
2023-03-24T14:12:00Z,long,1994.88,1985.47,9.41
2023-04-05T09:54:00Z,long,2024.48,2021.44,3.04
2023-04-05T11:30:00Z,long,2024.07,2021.08,2.981
2023-04-05T12:18:00Z,long,2027.98,2021.87,6.119
2023-05-03T13:18:00Z,long,2015.36,2009.84,5.52
2023-05-11T13:36:00Z,long,2031.14,2025.44,5.699
2023-06-05T10:12:00Z,short,1942.42,1946.16,3.74
2023-06-05T10:42:00Z,short,1943.21,1945.98,2.771
2023-06-09T14:54:00Z,short,1963.62,1968.31,4.69
2023-06-09T15:24:00Z,short,1963.14,1965.65,2.51
2023-06-15T09:42:00Z,short,1934.31,1936.31,2.0
2023-06-15T10:24:00Z,short,1934.17,1936.96,2.79
2023-06-15T10:54:00Z,short,1934.09,1935.6,1.51
2023-06-27T12:54:00Z,short,1924.31,1930.65,6.35
2023-06-28T16:06:00Z,short,1909.98,1913.22,3.24
2023-06-29T08:54:00Z,short,1905.91,1908.27,2.367
2023-07-27T07:12:00Z,long,1976.9,1973.86,3.05
2023-08-03T08:18:00Z,short,1935.24,1938.62,3.37
2023-08-03T10:18:00Z,short,1935.42,1937.54,2.12
2023-08-14T17:54:00Z,short,1910.48,1912.98,2.5
2023-08-15T13:30:00Z,short,1904.17,1907.66,3.49
2023-08-16T15:12:00Z,short,1903.46,1905.13,1.67
2023-09-14T15:42:00Z,short,1905.86,1911.58,5.72
2023-10-02T07:18:00Z,short,1843.82,1846.23,2.42
2023-10-03T07:18:00Z,short,1820.65,1824.81,4.15
2023-10-18T15:36:00Z,long,1944.36,1937.83,6.53
2023-10-20T12:12:00Z,long,1978.88,1975.97,2.917
2023-10-20T12:42:00Z,long,1978.6,1972.88,5.71
2023-10-30T15:18:00Z,long,1998.22,1994.13,4.083
2023-10-30T17:42:00Z,long,1998.91,1994.32,4.6
2023-11-27T14:24:00Z,long,2012.39,2010.34,2.06
2023-12-19T11:00:00Z,long,2025.6,2023.82,1.777
2024-03-01T15:06:00Z,long,2053.01,2045.19,7.81
2024-03-04T11:54:00Z,long,2083.53,2081.97,1.553
2024-03-06T09:30:00Z,long,2126.51,2124.21,2.307
2024-03-06T10:30:00Z,long,2127.51,2125.59,1.92
2024-03-06T11:06:00Z,long,2126.72,2124.27,2.44
2024-03-07T11:36:00Z,long,2155.68,2152.83,2.847
2024-03-07T15:06:00Z,long,2155.49,2147.52,7.96
2024-03-07T15:36:00Z,long,2155.72,2151.29,4.43
2024-03-08T13:24:00Z,long,2166.32,2163.92,2.39
2024-03-11T07:54:00Z,long,2181.3,2177.72,3.58
2024-03-15T11:42:00Z,long,2167.36,2165.79,1.57
2024-03-28T08:24:00Z,long,2193.89,2190.42,3.46
2024-04-01T08:06:00Z,long,2259.14,2256.48,2.65
2024-04-02T12:54:00Z,long,2257.49,2252.93,4.56
2024-04-02T16:36:00Z,long,2259.55,2253.73,5.81
2024-04-10T09:00:00Z,long,2354.47,2351.97,2.49
2024-04-17T13:06:00Z,long,2385.61,2377.95,7.657
2024-05-10T13:12:00Z,long,2365.9,2359.62,6.276
2024-05-10T15:30:00Z,long,2363.93,2356.05,7.873
2024-05-10T16:18:00Z,long,2363.82,2361.14,2.673
2024-05-15T12:06:00Z,long,2363.78,2360.21,3.576
2024-05-15T12:36:00Z,long,2369.89,2358.18,11.718
2024-05-15T14:24:00Z,long,2364.38,2351.33,13.046
2024-05-16T07:42:00Z,long,2390.74,2384.14,6.596
2024-05-20T10:48:00Z,long,2437.51,2434.02,3.491
2024-05-31T07:06:00Z,short,2343.76,2347.35,3.587
2024-06-03T07:54:00Z,short,2323.41,2329.06,5.64
2024-07-16T13:06:00Z,long,2434.66,2428.98,5.68
2024-07-17T09:42:00Z,long,2472.14,2469.39,2.75
2024-07-17T11:42:00Z,long,2472.03,2466.92,5.1
2024-07-24T08:00:00Z,long,2414.47,2411.2,3.27
2024-08-21T07:24:00Z,long,2516.49,2512.4,4.09
2024-08-22T09:36:00Z,long,2505.82,2500.71,5.1
2024-09-16T08:18:00Z,long,2585.8,2580.41,5.398
2024-09-18T14:06:00Z,long,2572.82,2568.14,4.673
2024-09-18T15:06:00Z,long,2573.34,2567.83,5.506
2024-09-18T16:30:00Z,long,2571.66,2568.43,3.233
2024-09-20T14:00:00Z,long,2606.55,2602.08,4.466
2024-09-24T09:54:00Z,long,2630.09,2627.09,2.996
2024-09-24T12:54:00Z,long,2631.07,2623.78,7.286
2024-09-26T14:42:00Z,long,2669.14,2660.18,8.968
2024-09-26T15:24:00Z,long,2668.56,2661.93,6.635
2024-10-17T07:12:00Z,long,2682.53,2678.75,3.771
2024-10-17T09:42:00Z,long,2681.01,2676.49,4.521
2024-10-17T10:12:00Z,long,2681.41,2678.05,3.357
2024-10-18T08:48:00Z,long,2705.64,2701.31,4.33
2024-10-18T13:24:00Z,long,2707.26,2704.51,2.74
2024-10-21T07:48:00Z,long,2727.76,2724.9,2.86
2024-10-22T10:12:00Z,long,2733.14,2729.38,3.76
2024-10-29T08:36:00Z,long,2751.99,2745.92,6.06
2024-10-29T10:00:00Z,long,2752.3,2749.59,2.71
2024-10-29T11:42:00Z,long,2751.18,2746.14,5.03
2024-11-12T15:24:00Z,short,2606.89,2614.54,7.64
2024-11-14T14:06:00Z,short,2554.93,2560.39,5.46
2025-01-08T12:00:00Z,long,2650.59,2647.15,3.441
2025-01-08T18:00:00Z,long,2655.45,2648.81,6.631
2025-01-09T17:24:00Z,long,2667.09,2662.8,4.287
2025-01-09T18:12:00Z,long,2667.22,2662.25,4.967
2025-01-10T13:12:00Z,long,2679.66,2674.28,5.377
2025-01-21T09:30:00Z,long,2722.24,2717.25,4.99
2025-01-21T10:24:00Z,long,2721.82,2719.66,2.15
2025-01-21T11:54:00Z,long,2723.49,2716.04,7.44
2025-01-22T07:12:00Z,long,2750.03,2745.51,4.52
2025-01-22T08:12:00Z,long,2750.09,2746.34,3.75
2025-01-22T14:48:00Z,long,2755.59,2749.85,5.737
2025-01-24T08:30:00Z,long,2772.01,2769.67,2.33
2025-01-31T18:42:00Z,long,2802.66,2794.77,7.88
2025-02-05T14:00:00Z,long,2861.51,2858.01,3.49
2025-02-13T09:12:00Z,long,2912.8,2909.0,3.79
2025-02-13T14:42:00Z,long,2915.55,2907.31,8.24
2025-02-13T17:06:00Z,long,2915.18,2912.59,2.59
2025-02-14T13:36:00Z,long,2932.11,2925.43,6.67
2025-02-19T07:06:00Z,long,2933.59,2929.91,3.67
2025-02-19T13:06:00Z,long,2939.47,2932.21,7.25
2025-02-19T14:48:00Z,long,2937.38,2929.67,7.7
2025-02-20T13:00:00Z,long,2945.49,2938.15,7.337
2025-02-24T14:48:00Z,long,2941.59,2934.14,7.45
2025-02-24T16:12:00Z,long,2941.36,2932.73,8.62
2025-03-13T13:06:00Z,long,2944.69,2938.25,6.436
2025-03-14T14:12:00Z,long,2991.68,2982.59,9.093
2025-03-19T10:24:00Z,long,3034.65,3027.75,6.895
2025-03-19T11:06:00Z,long,3034.91,3033.01,1.895
2025-03-19T16:06:00Z,long,3034.76,3028.83,5.922
2025-03-27T14:00:00Z,long,3040.36,3032.89,7.463
2025-03-31T14:36:00Z,long,3120.05,3110.31,9.741
2025-04-01T10:18:00Z,long,3135.8,3129.73,6.072
2025-04-02T12:30:00Z,long,3125.72,3116.51,9.22
2025-04-11T07:06:00Z,long,3210.12,3192.93,17.194
2025-04-11T08:00:00Z,long,3212.18,3203.35,8.834
2025-04-14T09:18:00Z,long,3230.86,3220.34,10.519
2025-04-22T07:36:00Z,long,3473.74,3459.2,14.533
2025-04-22T10:06:00Z,long,3464.57,3449.7,14.873
2025-06-12T10:18:00Z,long,3368.59,3358.84,9.747
2025-06-13T08:24:00Z,long,3424.66,3413.31,11.342
2025-06-13T10:30:00Z,long,3421.89,3414.01,7.872
2025-06-13T11:48:00Z,long,3421.78,3413.8,7.989
2025-07-23T07:06:00Z,long,3426.34,3418.76,7.572
2025-07-23T08:18:00Z,long,3425.45,3419.22,6.229
2025-08-01T07:06:00Z,short,3289.53,3293.37,3.847
2025-08-12T08:24:00Z,short,3350.47,3357.17,6.704
2025-08-12T10:36:00Z,short,3346.72,3350.91,4.184
2025-08-12T13:12:00Z,short,3344.4,3358.42,14.021
2025-08-26T07:42:00Z,long,3376.72,3366.58,10.138
2025-08-29T07:06:00Z,long,3411.66,3407.28,4.372
2025-08-29T07:54:00Z,long,3411.45,3405.8,5.642
2025-09-03T07:36:00Z,long,3535.78,3528.55,7.221
2025-09-03T08:06:00Z,long,3537.55,3530.86,6.681
2025-09-05T09:54:00Z,long,3553.51,3547.24,6.277
2025-09-09T07:24:00Z,long,3648.18,3643.18,4.996
2025-09-09T08:42:00Z,long,3647.68,3641.1,6.586
2025-09-09T13:06:00Z,long,3650.16,3642.97,7.186
2025-09-16T13:24:00Z,long,3690.51,3684.4,6.108
2025-09-16T18:54:00Z,long,3690.32,3686.61,3.718
2025-09-24T11:18:00Z,long,3765.16,3758.89,6.274
2025-10-01T07:12:00Z,long,3864.16,3857.07,7.085
2025-10-01T13:36:00Z,long,3873.91,3862.86,11.045
2025-10-01T14:30:00Z,long,3875.05,3866.76,8.288
2025-10-03T11:42:00Z,long,3860.95,3853.89,7.059
2025-10-06T12:48:00Z,long,3931.99,3925.79,6.207
2025-10-06T13:42:00Z,long,3943.0,3926.37,16.63
2025-10-09T07:06:00Z,long,4028.91,4021.64,7.278
2025-10-10T14:24:00Z,long,3985.51,3969.71,15.808
2025-10-15T12:36:00Z,long,4188.19,4174.92,13.277
2025-10-15T13:12:00Z,long,4192.8,4180.13,12.661
2025-10-16T07:06:00Z,long,4226.15,4214.51,11.642
2025-10-16T09:48:00Z,long,4229.81,4220.78,9.032
2025-10-17T08:24:00Z,long,4346.4,4319.76,26.638
2025-10-20T07:12:00Z,long,4250.0,4228.87,21.127
2025-10-20T10:18:00Z,long,4256.66,4244.35,12.317
2025-11-25T07:06:00Z,long,4145.4,4137.33,8.075
2025-11-26T13:12:00Z,long,4163.36,4147.58,15.786
2025-12-01T15:06:00Z,long,4242.4,4218.39,24.01
2025-12-01T18:30:00Z,long,4240.59,4228.81,11.78
2025-12-16T16:54:00Z,long,4300.23,4290.4,9.829
2025-12-18T07:06:00Z,long,4334.51,4330.99,3.513
2025-12-23T07:18:00Z,long,4483.19,4474.68,8.52
2026-01-05T13:06:00Z,long,4416.7,4404.23,12.475
2026-01-05T14:00:00Z,long,4416.64,4395.01,21.625
2026-01-13T18:42:00Z,long,4599.24,4579.67,19.573
2026-01-27T13:54:00Z,long,5079.81,5068.33,11.483
2026-01-28T14:36:00Z,long,5270.91,5247.34,23.571
2026-01-28T15:24:00Z,long,5273.3,5234.05,39.251
2026-02-11T14:06:00Z,long,5075.1,5014.55,60.545
2026-02-24T07:30:00Z,long,5183.14,5161.98,21.16
2026-03-16T07:18:00Z,short,5006.16,5025.93,19.761
2026-03-16T11:54:00Z,short,5000.07,5024.11,24.031
2026-03-23T09:36:00Z,short,4281.31,4310.18,28.866
2026-03-24T12:42:00Z,short,4370.09,4429.19,59.101
2026-04-24T09:30:00Z,short,4683.1,4697.81,14.714
2026-05-01T12:42:00Z,short,4592.81,4608.79,15.989
2026-05-01T13:18:00Z,short,4591.41,4598.2,6.789
2026-05-20T09:30:00Z,short,4474.01,4491.32,17.317
2026-05-28T10:24:00Z,short,4395.09,4404.88,9.79
2026-06-09T08:36:00Z,short,4331.35,4337.39,6.033
2026-06-09T09:30:00Z,short,4326.69,4337.23,10.533
2026-06-09T10:42:00Z,short,4330.6,4337.78,7.173
2026-06-10T14:06:00Z,short,4171.15,4187.28,16.128
2026-06-11T09:30:00Z,short,4079.26,4090.1,10.84
2026-06-24T07:54:00Z,short,4076.32,4088.84,12.524
2026-06-24T08:48:00Z,short,4077.76,4088.9,11.144
2026-07-01T08:30:00Z,short,3978.47,3985.43,6.953
