time,lato,entry,stop,rischio,spread_ingresso,spread_mediano_60s,spread_max_60s,tick_trovato
2020-02-05 14:24:00+00:00,short,1554.56,1556.6,2.04,,,,0
2020-03-04 14:06:00+00:00,long,1641.64,1636.63,5.01,,,,0
2020-03-06 14:48:00+00:00,long,1681.66,1677.16,4.5,,,,0
2020-04-08 11:54:00+00:00,long,1648.85,1641.7,7.148,,,,0
2020-04-08 12:36:00+00:00,long,1648.8,1642.73,6.07,,,,0
2020-04-14 07:42:00+00:00,long,1716.15,1709.14,7.01,,,,0
2020-04-23 07:30:00+00:00,long,1714.22,1709.9,4.32,,,,0
2020-05-15 11:12:00+00:00,long,1735.21,1730.23,4.983,,,,0
2020-05-15 12:12:00+00:00,long,1734.87,1730.31,4.557,,,,0
2020-06-22 12:30:00+00:00,long,1751.72,1744.96,6.767,,,,0
2020-06-29 13:30:00+00:00,long,1771.2,1767.41,3.797,,,,0
2020-06-29 14:42:00+00:00,long,1771.55,1768.65,2.9,,,,0
2020-07-23 12:24:00+00:00,long,1877.67,1872.25,5.43,,,,0
2020-07-23 13:54:00+00:00,long,1878.34,1869.42,8.91,,,,0
2020-07-24 10:42:00+00:00,long,1890.36,1886.81,3.547,,,,0
2020-07-27 13:12:00+00:00,long,1936.16,1930.64,5.513,,,,0
2020-07-27 17:42:00+00:00,long,1935.81,1934.02,1.79,,,,0
2020-07-31 15:00:00+00:00,long,1972.8,1963.61,9.19,,,,0
2020-07-31 16:36:00+00:00,long,1970.59,1965.57,5.02,,,,0
2020-07-31 17:36:00+00:00,long,1971.14,1966.24,4.9,,,,0
2020-08-03 08:42:00+00:00,long,1974.12,1971.34,2.783,,,,0
2020-08-03 09:30:00+00:00,long,1974.03,1972.06,1.97,,,,0
2020-08-05 17:12:00+00:00,long,2036.62,2028.31,8.31,,,,0
2020-08-05 17:42:00+00:00,long,2036.33,2031.23,5.097,,,,0
2020-08-06 08:12:00+00:00,long,2046.11,2040.74,5.362,,,,0
2020-09-01 12:36:00+00:00,long,1988.64,1984.89,3.75,,,,0
2020-09-16 14:12:00+00:00,long,1965.64,1961.22,4.427,,,,0
2020-09-16 14:54:00+00:00,long,1964.56,1956.19,8.36,,,,0
2020-09-22 14:42:00+00:00,short,1906.89,1916.42,9.53,,,,0
2020-09-23 10:12:00+00:00,short,1886.69,1891.5,4.81,,,,0
2020-09-23 11:48:00+00:00,short,1886.77,1892.66,5.893,,,,0
2020-09-24 07:18:00+00:00,short,1855.51,1858.79,3.28,,,,0
2020-09-24 08:12:00+00:00,short,1857.29,1861.47,4.183,,,,0
2020-09-24 11:24:00+00:00,short,1855.72,1858.96,3.24,,,,0
2020-10-12 07:06:00+00:00,long,1927.54,1924.79,2.75,,,,0
2020-11-04 15:00:00+00:00,long,1902.51,1895.87,6.643,,,,0
2020-11-04 16:54:00+00:00,long,1901.58,1898.05,3.53,,,,0
2020-11-06 07:06:00+00:00,long,1941.99,1936.98,5.02,,,,0
2020-11-09 08:06:00+00:00,long,1958.61,1953.04,5.57,,,,0
2020-11-09 09:00:00+00:00,long,1959.61,1956.75,2.86,,,,0
2020-11-09 10:12:00+00:00,long,1959.49,1957.84,1.65,,,,0
2020-11-11 07:12:00+00:00,short,1878.69,1884.68,5.983,,,,0
2020-11-11 10:12:00+00:00,short,1879.17,1882.13,2.96,,,,0
2020-11-24 08:00:00+00:00,short,1827.41,1832.07,4.653,,,,0
2020-11-30 09:00:00+00:00,short,1775.74,1780.41,4.67,,,,0
2020-11-30 09:48:00+00:00,short,1774.62,1777.95,3.332,,,,0
2020-11-30 14:36:00+00:00,short,1770.32,1777.22,6.9,,,,0
2020-12-21 08:12:00+00:00,long,1897.79,1891.03,6.76,,,,0
2021-01-05 15:24:00+00:00,long,1943.81,1938.64,5.167,,,,0
2021-01-13 14:30:00+00:00,short,1851.8,1861.39,9.597,,,,0
2021-01-13 17:24:00+00:00,short,1855.8,1858.67,2.877,,,,0
2021-01-14 09:30:00+00:00,short,1839.78,1845.12,5.35,,,,0
2021-01-21 08:48:00+00:00,long,1872.29,1868.17,4.117,,,,0
2021-01-21 09:48:00+00:00,long,1871.46,1869.04,2.427,,,,0
2021-01-21 10:48:00+00:00,long,1870.72,1866.75,3.977,,,,0
2021-02-12 11:24:00+00:00,short,1818.66,1821.44,2.773,,,,0
2021-02-12 12:06:00+00:00,short,1817.93,1819.85,1.91,,,,0
2021-02-12 13:12:00+00:00,short,1816.29,1819.35,3.057,,,,0
2021-02-17 13:12:00+00:00,short,1788.37,1793.59,5.22,,,,0
2021-02-19 10:06:00+00:00,short,1769.88,1774.88,4.99,,,,0
2021-02-19 11:48:00+00:00,short,1770.12,1772.95,2.84,,,,0
2021-03-03 16:42:00+00:00,short,1721.55,1725.33,3.78,,,,0
2021-04-21 11:12:00+00:00,long,1782.5,1778.84,3.663,,,,0
2021-04-23 08:54:00+00:00,long,1785.02,1782.63,2.38,,,,0
2021-04-23 09:24:00+00:00,long,1785.68,1783.58,2.11,,,,0
2021-05-06 11:18:00+00:00,long,1791.14,1787.88,3.267,,,,0
2021-05-07 12:24:00+00:00,long,1820.29,1816.89,3.39,,,,0
2021-05-19 18:24:00+00:00,long,1873.39,1865.24,8.16,,,,0
2021-05-20 07:36:00+00:00,long,1874.87,1870.18,4.687,,,,0
2021-05-21 14:24:00+00:00,long,1877.62,1873.33,4.287,,,,0
2021-05-26 09:36:00+00:00,long,1907.57,1903.26,4.313,,,,0
2021-05-26 12:06:00+00:00,long,1906.99,1904.27,2.727,,,,0
2021-05-26 13:36:00+00:00,long,1906.76,1901.65,5.11,,,,0
2021-06-30 11:36:00+00:00,short,1758.82,1761.41,2.59,,,,0
2021-06-30 12:24:00+00:00,short,1757.95,1761.66,3.71,,,,0
2021-08-06 12:24:00+00:00,short,1798.05,1801.6,3.55,,,,0
2021-08-12 17:06:00+00:00,short,1750.61,1752.75,2.14,,,,0
2021-08-19 07:30:00+00:00,short,1779.83,1782.98,3.15,,,,0
2021-08-19 08:06:00+00:00,short,1779.35,1782.37,3.017,,,,0
2021-08-20 11:36:00+00:00,short,1784.22,1786.35,2.124,,,,0
2021-08-20 12:54:00+00:00,short,1783.53,1786.88,3.346,,,,0
2021-08-27 12:48:00+00:00,long,1797.93,1793.75,4.19,,,,0
2021-09-01 15:36:00+00:00,long,1814.28,1808.28,6.009,,,,0
2021-09-24 11:18:00+00:00,short,1752.37,1757.86,5.49,,,,0
2021-10-21 08:36:00+00:00,long,1785.01,1781.48,3.53,,,,0
2021-10-25 07:06:00+00:00,long,1796.88,1795.64,1.24,,,,0
2021-10-27 10:42:00+00:00,long,1788.58,1785.7,2.88,,,,0
2021-10-27 14:42:00+00:00,long,1791.04,1784.37,6.676,,,,0
2021-10-28 10:54:00+00:00,long,1800.0,1795.68,4.314,,,,0
2021-10-28 11:30:00+00:00,long,1800.03,1798.08,1.95,,,,0
2021-11-08 10:06:00+00:00,long,1817.76,1813.73,4.025,,,,0
2021-11-08 10:36:00+00:00,long,1817.15,1815.38,1.77,,,,0
2021-11-08 12:06:00+00:00,long,1817.14,1814.7,2.438,,,,0
2021-11-09 15:54:00+00:00,long,1825.41,1821.17,4.24,,,,0
2021-11-24 17:06:00+00:00,short,1787.35,1791.59,4.24,,,,0
2021-11-29 07:06:00+00:00,short,1792.67,1796.9,4.23,,,,0
2021-11-29 08:06:00+00:00,short,1793.64,1797.33,3.69,,,,0
2021-12-03 11:00:00+00:00,short,1770.22,1773.47,3.243,,,,0
2021-12-03 13:06:00+00:00,short,1770.77,1774.95,4.181,,,,0
2021-12-10 13:24:00+00:00,short,1773.86,1777.8,3.94,,,,0
2021-12-28 14:42:00+00:00,long,1814.68,1809.7,4.978,,,,0
2021-12-28 15:24:00+00:00,long,1814.67,1812.02,2.65,,,,0
2022-01-20 18:24:00+00:00,long,1841.64,1840.36,1.286,,,,0
2022-01-20 18:54:00+00:00,long,1841.82,1839.98,1.84,,,,0
2022-03-04 08:42:00+00:00,long,1938.82,1933.62,5.2,,,,0
2022-03-09 08:42:00+00:00,long,2048.42,2042.77,5.653,,,,0
2022-04-12 10:06:00+00:00,long,1955.25,1950.74,4.508,,,,0
2022-04-12 11:54:00+00:00,long,1955.63,1952.03,3.598,,,,0
2022-04-27 13:00:00+00:00,short,1896.32,1904.75,8.432,,,,0
2022-05-10 09:54:00+00:00,short,1859.67,1864.28,4.606,,,,0
2022-05-16 13:18:00+00:00,short,1805.5,1810.8,5.302,,,,0
2022-07-04 13:00:00+00:00,short,1807.7,1809.82,2.12,,,,0
2022-07-04 15:06:00+00:00,short,1807.95,1811.18,3.224,,,,0
2022-07-06 07:06:00+00:00,short,1766.82,1770.05,3.231,,,,0
2022-07-06 08:00:00+00:00,short,1767.69,1770.47,2.78,,,,0
2022-07-06 08:42:00+00:00,short,1765.98,1771.98,6.006,,,,0
2022-07-07 08:06:00+00:00,short,1742.12,1745.64,3.52,,,,0
2022-07-07 10:18:00+00:00,short,1743.13,1745.43,2.306,,,,0
2022-07-11 14:30:00+00:00,short,1736.3,1742.06,5.76,,,,0
2022-07-11 15:18:00+00:00,short,1738.01,1741.27,3.257,,,,0
2022-07-12 12:24:00+00:00,short,1733.2,1737.06,3.854,,,,0
2022-07-15 12:24:00+00:00,short,1704.11,1707.8,3.689,,,,0
2022-07-15 13:30:00+00:00,short,1706.25,1714.26,8.01,,,,0
2022-07-15 15:42:00+00:00,short,1704.86,1708.53,3.676,,,,0
2022-08-22 17:54:00+00:00,short,1736.71,1737.93,1.226,,,,0
2022-08-30 08:48:00+00:00,short,1734.77,1738.14,3.364,,,,0
2022-09-15 13:00:00+00:00,short,1687.45,1692.55,5.1,,,,0
2022-09-15 14:12:00+00:00,short,1686.24,1691.15,4.906,,,,0
2022-09-16 09:48:00+00:00,short,1660.51,1666.52,6.011,,,,0
2022-10-21 08:06:00+00:00,short,1622.65,1627.4,4.75,,,,0
2022-11-11 11:18:00+00:00,long,1758.38,1754.63,3.75,0.3939208984375,0.43505859375,0.486083984375,1
2022-11-11 12:30:00+00:00,long,1759.71,1756.3,3.41,0.4339599609375,0.4249267578125,0.4859619140625,1
2022-11-11 14:54:00+00:00,long,1759.94,1755.1,4.84,0.4150390625,0.4549560546875,0.486083984375,1
2022-11-15 09:54:00+00:00,long,1775.36,1772.54,2.82,0.4039306640625,0.39404296875,0.486083984375,1
2022-11-15 10:48:00+00:00,long,1776.01,1773.31,2.699,0.455078125,0.4549560546875,0.4859619140625,1
2022-11-16 13:24:00+00:00,long,1780.13,1777.02,3.11,0.4239501953125,0.404052734375,0.4859619140625,1
2022-12-01 08:42:00+00:00,long,1777.67,1774.33,3.34,0.323974609375,0.333984375,0.47509765625,1
2022-12-01 10:00:00+00:00,long,1778.08,1775.81,2.27,0.4339599609375,0.4239501953125,0.4859619140625,1
2022-12-08 10:30:00+00:00,long,1784.07,1781.42,2.65,0.3740234375,0.404052734375,0.4639892578125,1
2023-01-05 07:36:00+00:00,long,1854.6,1850.06,4.543,0.3170166015625,0.3370361328125,0.406982421875,1
2023-01-10 17:36:00+00:00,long,1874.56,1870.99,3.57,0.3499755859375,0.353515625,0.41796875,1
2023-01-10 18:42:00+00:00,long,1874.74,1871.55,3.197,0.3599853515625,0.3599853515625,0.4100341796875,1
2023-01-13 12:18:00+00:00,long,1901.1,1898.5,2.6,0.237060546875,0.3170166015625,0.427001953125,1
2023-01-13 13:42:00+00:00,long,1899.33,1893.58,5.75,0.320068359375,0.3199462890625,0.3399658203125,1
2023-01-26 08:42:00+00:00,long,1944.51,1939.53,4.978,0.300048828125,0.3399658203125,0.43408203125,1
2023-01-26 14:06:00+00:00,long,1940.1,1930.71,9.39,0.330078125,0.3299560546875,0.4639892578125,1
2023-02-02 11:30:00+00:00,long,1955.07,1951.25,3.82,0.320068359375,0.3270263671875,0.3599853515625,1
2023-02-13 08:24:00+00:00,short,1861.46,1864.79,3.33,0.330078125,0.340087890625,0.4859619140625,1
2023-02-13 09:06:00+00:00,short,1859.83,1863.81,3.98,0.3470458984375,0.3580322265625,0.4649658203125,1
2023-02-27 08:00:00+00:00,short,1810.55,1812.51,1.97,0.3699951171875,0.360107421875,0.419921875,1
2023-02-27 09:00:00+00:00,short,1810.02,1813.91,3.9,0.3499755859375,0.3685302734375,0.43994140625,1
2023-02-27 11:48:00+00:00,short,1810.57,1812.66,2.096,0.3570556640625,0.3699951171875,0.4100341796875,1
2023-03-13 08:12:00+00:00,long,1879.07,1873.88,5.181,0.330078125,0.320068359375,0.3599853515625,1
2023-03-15 18:54:00+00:00,long,1915.71,1908.6,7.117,0.330078125,0.3499755859375,0.4720458984375,1
2023-03-17 09:06:00+00:00,long,1929.69,1927.69,2.0,0.300048828125,0.3199462890625,0.3800048828125,1
2023-03-24 14:12:00+00:00,long,1994.88,1985.47,9.41,0.3299560546875,0.3299560546875,0.3909912109375,1
2023-04-05 09:54:00+00:00,long,2024.48,2021.44,3.04,0.3299560546875,0.320068359375,0.35009765625,1
2023-04-05 11:30:00+00:00,long,2024.07,2021.08,2.981,0.237060546875,0.2979736328125,0.3809814453125,1
2023-04-05 12:18:00+00:00,long,2027.98,2021.87,6.119,0.4010009765625,0.4010009765625,0.530029296875,1
2023-05-03 13:18:00+00:00,long,2015.36,2009.84,5.52,0.3399658203125,0.3399658203125,0.3699951171875,1
2023-05-11 13:36:00+00:00,long,2031.14,2025.44,5.699,0.3280029296875,0.3179931640625,0.3900146484375,1
2023-06-05 10:12:00+00:00,short,1942.42,1946.16,3.74,0.3399658203125,0.330078125,0.3699951171875,1
2023-06-05 10:42:00+00:00,short,1943.21,1945.98,2.771,0.3509521484375,0.3570556640625,0.3900146484375,1
2023-06-09 14:54:00+00:00,short,1963.62,1968.31,4.69,0.3470458984375,0.3399658203125,0.3900146484375,1
2023-06-09 15:24:00+00:00,short,1963.14,1965.65,2.51,0.3199462890625,0.3199462890625,0.3800048828125,1
2023-06-15 09:42:00+00:00,short,1934.31,1936.31,2.0,0.3599853515625,0.35693359375,0.386962890625,1
2023-06-15 10:24:00+00:00,short,1934.17,1936.96,2.79,0.346923828125,0.3370361328125,0.3900146484375,1
2023-06-15 10:54:00+00:00,short,1934.09,1935.6,1.51,0.340087890625,0.3399658203125,0.3699951171875,1
2023-06-27 12:54:00+00:00,short,1924.31,1930.65,6.35,0.326904296875,0.3299560546875,0.3909912109375,1
2023-06-28 16:06:00+00:00,short,1909.98,1913.22,3.24,0.320068359375,0.320068359375,0.3599853515625,1
2023-06-29 08:54:00+00:00,short,1905.91,1908.27,2.367,0.3270263671875,0.320068359375,0.3499755859375,1
2023-07-27 07:12:00+00:00,long,1976.9,1973.86,3.05,0.2999267578125,0.3199462890625,0.3599853515625,1
2023-08-03 08:18:00+00:00,short,1935.24,1938.62,3.37,0.3709716796875,0.3099365234375,0.3709716796875,1
2023-08-03 10:18:00+00:00,short,1935.42,1937.54,2.12,0.3099365234375,0.2900390625,0.3099365234375,1
2023-08-14 17:54:00+00:00,short,1910.48,1912.98,2.5,0.3170166015625,0.2900390625,0.346923828125,1
2023-08-15 13:30:00+00:00,short,1904.17,1907.66,3.49,0.3199462890625,0.3099365234375,0.3499755859375,1
2023-08-16 15:12:00+00:00,short,1903.46,1905.13,1.67,0.3499755859375,0.3369140625,0.4169921875,1
2023-09-14 15:42:00+00:00,short,1905.86,1911.58,5.72,0.3470458984375,0.3070068359375,0.3870849609375,1
2023-10-02 07:18:00+00:00,short,1843.82,1846.23,2.42,0.3270263671875,0.330078125,0.360107421875,1
2023-10-03 07:18:00+00:00,short,1820.65,1824.81,4.15,0.2899169921875,0.3070068359375,0.3570556640625,1
2023-10-18 15:36:00+00:00,long,1944.36,1937.83,6.53,0.2900390625,0.2900390625,0.35009765625,1
2023-10-20 12:12:00+00:00,long,1978.88,1975.97,2.917,0.3499755859375,0.321044921875,0.35009765625,1
2023-10-20 12:42:00+00:00,long,1978.6,1972.88,5.71,0.340087890625,0.3099365234375,0.3499755859375,1
2023-10-30 15:18:00+00:00,long,1998.22,1994.13,4.083,0.39404296875,0.4169921875,0.4599609375,1
2023-10-30 17:42:00+00:00,long,1998.91,1994.32,4.6,0.2899169921875,0.2900390625,0.300048828125,1
2023-11-27 14:24:00+00:00,long,2012.39,2010.34,2.06,0.2999267578125,0.3099365234375,0.320068359375,1
2023-12-19 11:00:00+00:00,long,2025.6,2023.82,1.777,0.300048828125,0.2999267578125,0.3299560546875,1
2024-03-01 15:06:00+00:00,long,2053.01,2045.19,7.81,0.340087890625,0.340087890625,0.409912109375,1
2024-03-04 11:54:00+00:00,long,2083.53,2081.97,1.553,0.326904296875,0.326904296875,0.3701171875,1
2024-03-06 09:30:00+00:00,long,2126.51,2124.21,2.307,0.31005859375,0.320068359375,0.320068359375,1
2024-03-06 10:30:00+00:00,long,2127.51,2125.59,1.92,0.320068359375,0.2939453125,0.320068359375,1
2024-03-06 11:06:00+00:00,long,2126.72,2124.27,2.44,0.3369140625,0.326904296875,0.366943359375,1
2024-03-07 11:36:00+00:00,long,2155.68,2152.83,2.847,0.31005859375,0.31005859375,0.320068359375,1
2024-03-07 15:06:00+00:00,long,2155.49,2147.52,7.96,0.329833984375,0.337158203125,0.366943359375,1
2024-03-07 15:36:00+00:00,long,2155.72,2151.29,4.43,0.33984375,0.33984375,0.377197265625,1
2024-03-08 13:24:00+00:00,long,2166.32,2163.92,2.39,0.280029296875,0.320068359375,0.35009765625,1
2024-03-11 07:54:00+00:00,long,2181.3,2177.72,3.58,0.340087890625,0.31982421875,0.39990234375,1
2024-03-15 11:42:00+00:00,long,2167.36,2165.79,1.57,0.31005859375,0.31005859375,0.320068359375,1
2024-03-28 08:24:00+00:00,long,2193.89,2190.42,3.46,0.35009765625,0.33984375,0.3701171875,1
2024-04-01 08:06:00+00:00,long,2259.14,2256.48,2.65,0.330078125,0.37060546875,0.380126953125,1
2024-04-02 12:54:00+00:00,long,2257.49,2252.93,4.56,0.3369140625,0.346923828125,0.380126953125,1
2024-04-02 16:36:00+00:00,long,2259.55,2253.73,5.81,0.3701171875,0.369873046875,0.380126953125,1
2024-04-10 09:00:00+00:00,long,2354.47,2351.97,2.49,0.3369140625,0.3370361328125,0.39697265625,1
2024-04-17 13:06:00+00:00,long,2385.61,2377.95,7.657,0.39013671875,0.39990234375,0.420166015625,1
2024-05-10 13:12:00+00:00,long,2365.9,2359.62,6.276,0.406982421875,0.39697265625,0.4599609375,1
2024-05-10 15:30:00+00:00,long,2363.93,2356.05,7.873,0.35986328125,0.31689453125,0.380126953125,1
2024-05-10 16:18:00+00:00,long,2363.82,2361.14,2.673,0.400146484375,0.400146484375,0.45703125,1
2024-05-15 12:06:00+00:00,long,2363.78,2360.21,3.576,0.39013671875,0.39013671875,0.41015625,1
2024-05-15 12:36:00+00:00,long,2369.89,2358.18,11.718,0.39990234375,0.380126953125,0.60009765625,1
2024-05-15 14:24:00+00:00,long,2364.38,2351.33,13.046,0.360107421875,0.3701171875,0.4501953125,1
2024-05-16 07:42:00+00:00,long,2390.74,2384.14,6.596,0.369873046875,0.380126953125,0.420166015625,1
2024-05-20 10:48:00+00:00,long,2437.51,2434.02,3.491,0.39013671875,0.3870849609375,0.447021484375,1
2024-05-31 07:06:00+00:00,short,2343.76,2347.35,3.587,0.35693359375,0.389892578125,0.41015625,1
2024-06-03 07:54:00+00:00,short,2323.41,2329.06,5.64,0.39990234375,0.3900146484375,0.41015625,1
2024-07-16 13:06:00+00:00,long,2434.66,2428.98,5.68,0.45703125,0.389892578125,0.45703125,1
2024-07-17 09:42:00+00:00,long,2472.14,2469.39,2.75,0.376953125,0.366943359375,0.43994140625,1
2024-07-17 11:42:00+00:00,long,2472.03,2466.92,5.1,0.41015625,0.39697265625,0.419921875,1
2024-07-24 08:00:00+00:00,long,2414.47,2411.2,3.27,0.389892578125,0.386962890625,0.41015625,1
2024-08-21 07:24:00+00:00,long,2516.49,2512.4,4.09,0.39990234375,0.39990234375,0.43994140625,1
2024-08-22 09:36:00+00:00,long,2505.82,2500.71,5.1,0.380126953125,0.3798828125,0.39013671875,1
2024-09-16 08:18:00+00:00,long,2585.8,2580.41,5.398,0.400146484375,0.3804931640625,0.429931640625,1
2024-09-18 14:06:00+00:00,long,2572.82,2568.14,4.673,0.380126953125,0.369873046875,0.39013671875,1
2024-09-18 15:06:00+00:00,long,2573.34,2567.83,5.506,0.397216796875,0.3770751953125,0.43017578125,1
2024-09-18 16:30:00+00:00,long,2571.66,2568.43,3.233,0.39990234375,0.386962890625,0.43701171875,1
2024-09-20 14:00:00+00:00,long,2606.55,2602.08,4.466,0.440185546875,0.386962890625,0.52001953125,1
2024-09-24 09:54:00+00:00,long,2630.09,2627.09,2.996,0.41015625,0.4071044921875,0.45703125,1
2024-09-24 12:54:00+00:00,long,2631.07,2623.78,7.286,0.4169921875,0.4169921875,0.460205078125,1
2024-09-26 14:42:00+00:00,long,2669.14,2660.18,8.968,0.470947265625,0.467041015625,0.552001953125,1
2024-09-26 15:24:00+00:00,long,2668.56,2661.93,6.635,0.43798828125,0.4208984375,0.531005859375,1
2024-10-17 07:12:00+00:00,long,2682.53,2678.75,3.771,0.447021484375,0.39697265625,0.489990234375,1
2024-10-17 09:42:00+00:00,long,2681.01,2676.49,4.521,0.39013671875,0.400146484375,0.43994140625,1
2024-10-17 10:12:00+00:00,long,2681.41,2678.05,3.357,0.409912109375,0.381103515625,0.507080078125,1
2024-10-18 08:48:00+00:00,long,2705.64,2701.31,4.33,0.3798828125,0.3798828125,0.400146484375,1
2024-10-18 13:24:00+00:00,long,2707.26,2704.51,2.74,0.377197265625,0.376953125,0.4501953125,1
2024-10-21 07:48:00+00:00,long,2727.76,2724.9,2.86,0.360107421875,0.380126953125,0.43701171875,1
2024-10-22 10:12:00+00:00,long,2733.14,2729.38,3.76,0.306884765625,0.3798828125,0.429931640625,1
2024-10-29 08:36:00+00:00,long,2751.99,2745.92,6.06,0.39990234375,0.39990234375,0.469970703125,1
2024-10-29 10:00:00+00:00,long,2752.3,2749.59,2.71,0.380126953125,0.380126953125,0.43701171875,1
2024-10-29 11:42:00+00:00,long,2751.18,2746.14,5.03,0.429931640625,0.409912109375,0.440185546875,1
2024-11-12 15:24:00+00:00,short,2606.89,2614.54,7.64,0.330078125,0.366943359375,0.490966796875,1
2024-11-14 14:06:00+00:00,short,2554.93,2560.39,5.46,0.409912109375,0.419921875,0.60205078125,1
2025-01-08 12:00:00+00:00,long,2650.59,2647.15,3.441,0.62109375,0.591064453125,0.68115234375,1
2025-01-08 18:00:00+00:00,long,2655.45,2648.81,6.631,0.5400390625,0.627197265625,0.817138671875,1
2025-01-09 17:24:00+00:00,long,2667.09,2662.8,4.287,0.449951171875,0.4208984375,0.490966796875,1
2025-01-09 18:12:00+00:00,long,2667.22,2662.25,4.967,0.536865234375,0.5400390625,0.60009765625,1
2025-01-10 13:12:00+00:00,long,2679.66,2674.28,5.377,0.89697265625,0.7919921875,0.968017578125,1
2025-01-21 09:30:00+00:00,long,2722.24,2717.25,4.99,0.519775390625,0.5599365234375,0.739990234375,1
2025-01-21 10:24:00+00:00,long,2721.82,2719.66,2.15,0.550048828125,0.52001953125,0.739990234375,1
2025-01-21 11:54:00+00:00,long,2723.49,2716.04,7.44,0.469970703125,0.43017578125,0.510009765625,1
2025-01-22 07:12:00+00:00,long,2750.03,2745.51,4.52,0.489990234375,0.52001953125,0.619873046875,1
2025-01-22 08:12:00+00:00,long,2750.09,2746.34,3.75,0.469970703125,0.43994140625,0.70703125,1
2025-01-22 14:48:00+00:00,long,2755.59,2749.85,5.737,0.419921875,0.467041015625,0.550048828125,1
2025-01-24 08:30:00+00:00,long,2772.01,2769.67,2.33,0.587158203125,0.60693359375,0.70703125,1
2025-01-31 18:42:00+00:00,long,2802.66,2794.77,7.88,0.469970703125,0.610107421875,1.406982421875,1
2025-02-05 14:00:00+00:00,long,2861.51,2858.01,3.49,0.52001953125,0.47998046875,0.630126953125,1
2025-02-13 09:12:00+00:00,long,2912.8,2909.0,3.79,0.5771484375,0.607177734375,0.72998046875,1
2025-02-13 14:42:00+00:00,long,2915.55,2907.31,8.24,0.510009765625,0.4970703125,0.626953125,1
2025-02-13 17:06:00+00:00,long,2915.18,2912.59,2.59,0.60986328125,0.580078125,0.72998046875,1
2025-02-14 13:36:00+00:00,long,2932.11,2925.43,6.67,0.4970703125,0.52001953125,0.610107421875,1
2025-02-19 07:06:00+00:00,long,2933.59,2929.91,3.67,0.567138671875,0.550048828125,0.669921875,1
2025-02-19 13:06:00+00:00,long,2939.47,2932.21,7.25,0.47998046875,0.47998046875,0.659912109375,1
2025-02-19 14:48:00+00:00,long,2937.38,2929.67,7.7,0.530029296875,0.530029296875,0.599853515625,1
2025-02-20 13:00:00+00:00,long,2945.49,2938.15,7.337,0.39990234375,0.5,0.900146484375,1
2025-02-24 14:48:00+00:00,long,2941.59,2934.14,7.45,0.380126953125,0.409912109375,0.56005859375,1
2025-02-24 16:12:00+00:00,long,2941.36,2932.73,8.62,0.429931640625,0.4599609375,0.510009765625,1
2025-03-13 13:06:00+00:00,long,2944.69,2938.25,6.436,0.427001953125,0.4599609375,0.58984375,1
2025-03-14 14:12:00+00:00,long,2991.68,2982.59,9.093,0.576904296875,0.616943359375,0.64013671875,1
2025-03-19 10:24:00+00:00,long,3034.65,3027.75,6.895,0.593994140625,0.593994140625,0.8701171875,1
2025-03-19 11:06:00+00:00,long,3034.91,3033.01,1.895,0.674072265625,0.5740966796875,0.674072265625,1
2025-03-19 16:06:00+00:00,long,3034.76,3028.83,5.922,0.5771484375,0.550048828125,0.610107421875,1
2025-03-27 14:00:00+00:00,long,3040.36,3032.89,7.463,0.636962890625,0.487060546875,0.72998046875,1
2025-03-31 14:36:00+00:00,long,3120.05,3110.31,9.741,0.530029296875,0.5284423828125,0.7470703125,1
2025-04-01 10:18:00+00:00,long,3135.8,3129.73,6.072,0.512939453125,0.466064453125,0.550048828125,1
2025-04-02 12:30:00+00:00,long,3125.72,3116.51,9.22,0.60986328125,0.5869140625,0.757080078125,1
2025-04-11 07:06:00+00:00,long,3210.12,3192.93,17.194,0.530029296875,0.639892578125,1.130126953125,1
2025-04-11 08:00:00+00:00,long,3212.18,3203.35,8.834,0.639892578125,0.639892578125,0.670166015625,1
2025-04-14 09:18:00+00:00,long,3230.86,3220.34,10.519,0.64013671875,0.639892578125,0.66015625,1
2025-04-22 07:36:00+00:00,long,3473.74,3459.2,14.533,0.669921875,0.639892578125,0.68994140625,1
2025-04-22 10:06:00+00:00,long,3464.57,3449.7,14.873,0.75,0.75,0.900146484375,1
2025-06-12 10:18:00+00:00,long,3368.59,3358.84,9.747,0.550048828125,0.619873046875,0.719970703125,1
2025-06-13 08:24:00+00:00,long,3424.66,3413.31,11.342,0.570068359375,0.5599365234375,0.610107421875,1
2025-06-13 10:30:00+00:00,long,3421.89,3414.01,7.872,0.590087890625,0.58984375,0.6201171875,1
2025-06-13 11:48:00+00:00,long,3421.78,3413.8,7.989,0.550048828125,0.550048828125,0.610107421875,1
2025-07-23 07:06:00+00:00,long,3426.34,3418.76,7.572,0.56005859375,0.550048828125,0.64990234375,1
2025-07-23 08:18:00+00:00,long,3425.45,3419.22,6.229,0.56982421875,0.5784912109375,0.627197265625,1
2025-08-01 07:06:00+00:00,short,3289.53,3293.37,3.847,0.489990234375,0.507080078125,0.530029296875,1
2025-08-12 08:24:00+00:00,short,3350.47,3357.17,6.704,0.52001953125,0.52685546875,0.610107421875,1
2025-08-12 10:36:00+00:00,short,3346.72,3350.91,4.184,0.52685546875,0.516845703125,0.570068359375,1
2025-08-12 13:12:00+00:00,short,3344.4,3358.42,14.021,0.487060546875,0.567138671875,0.8798828125,1
2025-08-26 07:42:00+00:00,long,3376.72,3366.58,10.138,0.510009765625,0.489990234375,0.519775390625,1
2025-08-29 07:06:00+00:00,long,3411.66,3407.28,4.372,0.47998046875,0.488525390625,0.510009765625,1
2025-08-29 07:54:00+00:00,long,3411.45,3405.8,5.642,0.530029296875,0.489990234375,0.530029296875,1
2025-09-03 07:36:00+00:00,long,3535.78,3528.55,7.221,0.690185546875,0.570068359375,0.830078125,1
2025-09-03 08:06:00+00:00,long,3537.55,3530.86,6.681,0.47998046875,0.530029296875,0.630126953125,1
2025-09-05 09:54:00+00:00,long,3553.51,3547.24,6.277,0.510009765625,0.5,0.570068359375,1
2025-09-09 07:24:00+00:00,long,3648.18,3643.18,4.996,0.739990234375,0.739990234375,0.739990234375,1
2025-09-09 08:42:00+00:00,long,3647.68,3641.1,6.586,0.60986328125,0.60009765625,0.610107421875,1
2025-09-09 13:06:00+00:00,long,3650.16,3642.97,7.186,0.599853515625,0.741455078125,1.08984375,1
2025-09-16 13:24:00+00:00,long,3690.51,3684.4,6.108,0.580078125,0.55712890625,0.610107421875,1
2025-09-16 18:54:00+00:00,long,3690.32,3686.61,3.718,0.570068359375,0.570068359375,0.580078125,1
2025-09-24 11:18:00+00:00,long,3765.16,3758.89,6.274,0.5400390625,0.559814453125,0.590087890625,1
2025-10-01 07:12:00+00:00,long,3864.16,3857.07,7.085,0.590087890625,0.56005859375,0.60009765625,1
2025-10-01 13:36:00+00:00,long,3873.91,3862.86,11.045,0.56005859375,0.530029296875,0.826904296875,1
2025-10-01 14:30:00+00:00,long,3875.05,3866.76,8.288,0.48681640625,0.48681640625,0.56005859375,1
2025-10-03 11:42:00+00:00,long,3860.95,3853.89,7.059,0.47998046875,0.510009765625,0.530029296875,1
2025-10-06 12:48:00+00:00,long,3931.99,3925.79,6.207,0.539794921875,0.56005859375,0.596923828125,1
2025-10-06 13:42:00+00:00,long,3943.0,3926.37,16.63,0.406982421875,0.550048828125,0.75,1
2025-10-09 07:06:00+00:00,long,4028.91,4021.64,7.278,0.550048828125,0.570068359375,0.718994140625,1
2025-10-10 14:24:00+00:00,long,3985.51,3969.71,15.808,0.64013671875,0.64013671875,0.81689453125,1
2025-10-15 12:36:00+00:00,long,4188.19,4174.92,13.277,0.68017578125,0.68017578125,0.9873046875,1
2025-10-15 13:12:00+00:00,long,4192.8,4180.13,12.661,0.68017578125,0.6796875,0.78955078125,1
2025-10-16 07:06:00+00:00,long,4226.15,4214.51,11.642,0.5703125,0.55810546875,0.60986328125,1
2025-10-16 09:48:00+00:00,long,4229.81,4220.78,9.032,0.669921875,0.67724609375,0.9169921875,1
2025-10-17 08:24:00+00:00,long,4346.4,4319.76,26.638,0.7099609375,0.5400390625,0.97998046875,1
2025-10-20 07:12:00+00:00,long,4250.0,4228.87,21.127,0.8271484375,0.81689453125,1.18701171875,1
2025-10-20 10:18:00+00:00,long,4256.66,4244.35,12.317,0.60009765625,0.58984375,0.66015625,1
2025-11-25 07:06:00+00:00,long,4145.4,4137.33,8.075,0.75,0.75,0.77001953125,1
2025-11-26 13:12:00+00:00,long,4163.36,4147.58,15.786,0.75,0.75,0.77001953125,1
2025-12-01 15:06:00+00:00,long,4242.4,4218.39,24.01,0.5498046875,0.59033203125,0.64990234375,1
2025-12-01 18:30:00+00:00,long,4240.59,4228.81,11.78,0.60009765625,0.580078125,0.64990234375,1
2025-12-16 16:54:00+00:00,long,4300.23,4290.4,9.829,0.56005859375,0.56005859375,0.7568359375,1
2025-12-18 07:06:00+00:00,long,4334.51,4330.99,3.513,0.51025390625,0.5498046875,0.5703125,1
2025-12-23 07:18:00+00:00,long,4483.19,4474.68,8.52,0.80517578125,0.75,0.84033203125,1
2026-01-05 13:06:00+00:00,long,4416.7,4404.23,12.475,0.60009765625,0.58984375,1.06396484375,1
2026-01-05 14:00:00+00:00,long,4416.64,4395.01,21.625,0.67041015625,0.669921875,1.07373046875,1
2026-01-13 18:42:00+00:00,long,4599.24,4579.67,19.573,0.796875,0.8369140625,0.8798828125,1
2026-01-27 13:54:00+00:00,long,5079.81,5068.33,11.483,0.5302734375,0.51025390625,1.1630859375,1
2026-01-28 14:36:00+00:00,long,5270.91,5247.34,23.571,0.60009765625,0.65966796875,1.009765625,1
2026-01-28 15:24:00+00:00,long,5273.3,5234.05,39.251,0.8369140625,1.05029296875,4.2001953125,1
2026-02-11 14:06:00+00:00,long,5075.1,5014.55,60.545,0.8896484375,0.85009765625,1.3935546875,1
2026-02-24 07:30:00+00:00,long,5183.14,5161.98,21.16,0.73046875,0.75,1.1728515625,1
2026-03-16 07:18:00+00:00,short,5006.16,5025.93,19.761,0.6298828125,0.64013671875,0.7998046875,1
2026-03-16 11:54:00+00:00,short,5000.07,5024.11,24.031,0.64990234375,0.6298828125,0.66015625,1
2026-03-23 09:36:00+00:00,short,4281.31,4310.18,28.866,1.05029296875,0.9404296875,1.47705078125,1
2026-03-24 12:42:00+00:00,short,4370.09,4429.19,59.101,1.1171875,1.2666015625,1.419921875,1
2026-04-24 09:30:00+00:00,short,4683.1,4697.81,14.714,0.509765625,0.5400390625,1.037109375,1
2026-05-01 12:42:00+00:00,short,4592.81,4608.79,15.989,0.58984375,0.55029296875,0.77001953125,1
2026-05-01 13:18:00+00:00,short,4591.41,4598.2,6.789,0.5498046875,0.56005859375,0.77001953125,1
2026-05-20 09:30:00+00:00,short,4474.01,4491.32,17.317,0.64013671875,0.6201171875,0.7470703125,1
2026-05-28 10:24:00+00:00,short,4395.09,4404.88,9.79,0.52734375,0.556640625,0.75,1
2026-06-09 08:36:00+00:00,short,4331.35,4337.39,6.033,0.39013671875,0.40966796875,0.580078125,1
2026-06-09 09:30:00+00:00,short,4326.69,4337.23,10.533,0.400390625,0.5400390625,0.64990234375,1
2026-06-09 10:42:00+00:00,short,4330.6,4337.78,7.173,0.60009765625,0.51708984375,0.60009765625,1
2026-06-10 14:06:00+00:00,short,4171.15,4187.28,16.128,0.6201171875,0.59033203125,0.64013671875,1
2026-06-11 09:30:00+00:00,short,4079.26,4090.1,10.84,0.56005859375,0.5498046875,0.7890625,1
2026-06-24 07:54:00+00:00,short,4076.32,4088.84,12.524,0.56005859375,0.570068359375,0.6201171875,1
2026-06-24 08:48:00+00:00,short,4077.76,4088.9,11.144,0.56005859375,0.56005859375,1.169921875,1
2026-07-01 08:30:00+00:00,short,3978.47,3985.43,6.953,0.889892578125,0.860107421875,0.89013671875,1
